0, 0
1, 1
2, 2
3, 3
4, 4
5, 5
6, 6
7, 7
8, 8
9, 9
10, 10
11, 11
12, 12
13, 13
14, 14
15, 15
16, 16
17, 17
18, 18
19, 19
20, 20
21, 21
22, 22
23, 23
24, 24
25, 25
26, 26
27, 27
28, 28
29, 29
30, 30
31, 31
32, 32
33, 33
34, 34
35, 35
36, 36
37, 37
38, 37
39, 38
40, 39
41, 40
42, 41
43, 42
44, 43
45, 44
46, 45
47, 46
48, 47
49, 48
50, 49
51, 50
52, 51
53, 52
54, 53
55, 54
56, 54
57, 55
58, 56
59, 57
60, 58
61, 59
62, 60
63, 61
64, 62
65, 63
66, 64
67, 65
68, 66
69, 67
70, 68
71, 69
72, 70
73, 70
74, 71
75, 72
76, 73
77, 74
78, 75
79, 75
80, 76
81, 77
82, 78
83, 79
84, 80
85, 81
86, 82
87, 83
88, 84
89, 85
90, 86
91, 87
92, 88
93, 89
94, 90
95, 91
96, 92
97, 93
98, 94
99, 95
100, 96
101, 97
102, 98
103, 99
104, 100
105, 101
106, 101
107, 102
108, 103
109, 104
110, 105
111, 105
112, 105
113, 106
114, 107
115, 107
116, 108
117, 109
118, 110
119, 111
120, 112
121, 113
122, 114
123, 115
124, 116
125, 117
126, 118
127, 119
128, 120
129, 121
130, 121
131, 122
132, 123
133, 124
134, 125
135, 126
136, 127
137, 128
138, 128
139, 129
140, 130
141, 131
142, 132
143, 133
144, 134
145, 135
146, 136
147, 137
148, 138
149, 139
150, 140
151, 140
152, 140
153, 141
154, 142
155, 142
156, 142
157, 142
158, 143
159, 144
160, 145
161, 146
162, 147
163, 148
164, 149
165, 150
166, 151
167, 152
168, 153
169, 154
170, 155
171, 156
172, 157
173, 157
174, 158
175, 159
176, 160
177, 161
178, 162
179, 163
180, 164
181, 165
182, 166
183, 167
184, 168
185, 169
186, 170
187, 170
188, 171
189, 172
190, 173
191, 174
192, 175
193, 176
194, 177
195, 177
196, 177
197, 178
198, 179
199, 180
200, 181
201, 182
202, 182
203, 182
204, 183
205, 184
206, 185
207, 186
208, 187
209, 188
210, 189
211, 189
212, 190
213, 191
214, 192
215, 192
216, 193
217, 193
218, 193
219, 194
220, 195
221, 196
222, 197
223, 198
224, 199
225, 200
226, 200
227, 201
228, 202
229, 202
230, 203
231, 204
232, 205
233, 206
234, 207
235, 208
236, 208
237, 209
238, 209
239, 209
240, 210
241, 211
242, 212
243, 213
244, 214
245, 215
246, 216
247, 217
248, 218
249, 219
250, 220
251, 221
252, 222
253, 223
254, 224
255, 224
256, 225
257, 226
258, 227
259, 228
260, 229
261, 230
262, 231
263, 232
264, 233
265, 234
266, 235
267, 236
268, 237
269, 238
270, 239
271, 240
272, 241
273, 242
274, 243
275, 244
276, 245
277, 246
278, 246
279, 247
280, 248
281, 248
282, 248
283, 248
284, 249
285, 250
286, 251
287, 251
288, 251
289, 252
290, 253
291, 253
292, 253
293, 254
294, 255
295, 255
296, 256
297, 257
298, 257
299, 258
300, 259
301, 260
302, 260
303, 261
304, 261
305, 262
306, 263
307, 264
308, 265
309, 266
310, 267
311, 268
312, 269
313, 269
314, 269
315, 269
316, 270
317, 270
318, 271
319, 272
320, 273
321, 274
322, 275
323, 275
324, 275
325, 276
326, 276
327, 277
328, 277
329, 278
330, 278
331, 279
332, 280
333, 281
334, 282
335, 282
336, 283
337, 284
338, 284
339, 285
340, 286
341, 287
342, 288
343, 289
344, 290
345, 291
346, 291
347, 292
348, 293
349, 293
350, 294
351, 295
352, 296
353, 296
354, 296
355, 296
356, 297
357, 298
358, 299
359, 299
360, 299
361, 300
362, 300
363, 301
364, 302
365, 302
366, 302
367, 303
368, 304
369, 305
370, 306
371, 306
372, 307
373, 308
374, 308
375, 308
376, 309
377, 309
378, 310
379, 311
380, 312
381, 313
382, 313
383, 313
384, 314
385, 315
386, 315
387, 315
388, 316
389, 317
390, 317
391, 318
392, 318
393, 319
394, 320
395, 320
396, 321
397, 322
398, 323
399, 323
400, 323
401, 323
402, 324
403, 325
404, 326
405, 327
406, 328
407, 329
408, 329
409, 330
410, 331
411, 332
412, 333
413, 333
414, 333
415, 334
416, 334
417, 334
418, 335
419, 335
420, 336
421, 337
422, 338
423, 339
424, 340
425, 341
426, 341
427, 342
428, 342
429, 343
430, 344
431, 345
432, 346
433, 347
434, 348
435, 349
436, 350
437, 350
438, 351
439, 352
440, 352
441, 353
442, 354
443, 355
444, 355
445, 356
446, 357
447, 357
448, 358
449, 359
450, 360
451, 361
452, 362
453, 363
454, 363
455, 364
456, 364
457, 365
458, 365
459, 366
460, 367
461, 368
462, 369
463, 370
464, 371
465, 372
466, 372
467, 372
468, 373
469, 373
470, 373
471, 373
472, 374
473, 375
474, 376
475, 377
476, 377
477, 378
478, 379
479, 380
480, 381
481, 382
482, 383
483, 384
484, 385
485, 386
486, 387
487, 387
488, 387
489, 388
490, 388
491, 389
492, 390
493, 390
494, 391
495, 392
496, 393
497, 394
498, 395
499, 396
500, 396
501, 397
502, 398
503, 399
504, 399
505, 399
506, 399
507, 399
508, 399
509, 400
510, 400
511, 401
512, 401
513, 402
514, 403
515, 404
516, 405
517, 406
518, 407
519, 407
520, 408
521, 408
522, 409
523, 410
524, 410
525, 411
526, 411
527, 411
528, 412
529, 412
530, 412
531, 413
532, 413
533, 414
534, 415
535, 416
536, 417
537, 418
538, 418
539, 419
540, 420
541, 420
542, 421
543, 421
544, 422
545, 423
546, 424
547, 424
548, 424
549, 424
550, 424
551, 425
552, 426
553, 426
554, 427
555, 428
556, 428
557, 429
558, 430
559, 431
560, 432
561, 433
562, 433
563, 433
564, 434
565, 435
566, 435
567, 436
568, 437
569, 438
570, 438
571, 439
572, 439
573, 440
574, 441
575, 442
576, 443
577, 444
578, 444
579, 444
580, 445
581, 445
582, 445
583, 446
584, 446
585, 446
586, 447
587, 448
588, 448
589, 449
590, 450
591, 450
592, 450
593, 450
594, 451
595, 451
596, 452
597, 452
598, 452
599, 453
600, 454
601, 454
602, 455
603, 455
604, 456
605, 457
606, 457
607, 457
608, 457
609, 457
610, 458
611, 459
612, 460
613, 460
614, 460
615, 461
616, 461
617, 462
618, 463
619, 464
620, 464
621, 464
622, 464
623, 465
624, 466
625, 467
626, 468
627, 469
628, 470
629, 471
630, 472
631, 473
632, 473
633, 473
634, 474
635, 475
636, 475
637, 475
638, 475
639, 476
640, 476
641, 477
642, 477
643, 477
644, 478
645, 479
646, 479
647, 479
648, 480
649, 481
650, 481
651, 482
652, 482
653, 482
654, 483
655, 484
656, 485
657, 486
658, 487
659, 487
660, 487
661, 487
662, 487
663, 487
664, 488
665, 488
666, 488
667, 489
668, 489
669, 490
670, 491
671, 492
672, 493
673, 494
674, 495
675, 496
676, 496
677, 497
678, 497
679, 498
680, 498
681, 499
682, 499
683, 499
684, 500
685, 501
686, 502
687, 503
688, 504
689, 504
690, 504
691, 505
692, 506
693, 506
694, 507
695, 507
696, 508
697, 508
698, 509
699, 509
700, 509
701, 510
702, 510
703, 510
704, 511
705, 512
706, 513
707, 514
708, 515
709, 515
710, 515
711, 516
712, 516
713, 517
714, 518
715, 519
716, 519
717, 520
718, 520
719, 521
720, 521
721, 521
722, 521
723, 522
724, 523
725, 524
726, 524
727, 524
728, 524
729, 524
730, 524
731, 525
732, 525
733, 526
734, 526
735, 527
736, 527
737, 527
738, 527
739, 528
740, 529
741, 529
742, 529
743, 529
744, 529
745, 529
746, 529
747, 529
748, 529
749, 529
750, 529
751, 529
752, 529
753, 530
754, 531
755, 531
756, 531
757, 532
758, 533
759, 534
760, 535
761, 535
762, 536
763, 536
764, 536
765, 536
766, 536
767, 536
768, 537
769, 538
770, 539
771, 540
772, 540
773, 541
774, 542
775, 543
776, 543
777, 543
778, 544
779, 545
780, 545
781, 545
782, 545
783, 546
784, 546
785, 546
786, 546
787, 546
788, 546
789, 546
790, 547
791, 547
792, 547
793, 548
794, 549
795, 550
796, 550
797, 550
798, 551
799, 551
800, 552
801, 552
802, 552
803, 552
804, 553
805, 553
806, 554
807, 555
808, 555
809, 555
810, 556
811, 556
812, 557
813, 558
814, 558
815, 558
816, 558
817, 558
818, 558
819, 558
820, 559
821, 559
822, 560
823, 560
824, 561
825, 561
826, 562
827, 562
828, 563
829, 564
830, 564
831, 565
832, 565
833, 565
834, 565
835, 565
836, 566
837, 566
838, 566
839, 566
840, 566
841, 566
842, 566
843, 566
844, 566
845, 566
846, 567
847, 568
848, 568
849, 568
850, 569
851, 569
852, 570
853, 570
854, 570
855, 571
856, 571
857, 572
858, 573
859, 574
860, 575
861, 575
862, 576
863, 576
864, 576
865, 576
866, 576
867, 576
868, 576
869, 576
870, 577
871, 577
872, 577
873, 577
874, 577
875, 578
876, 578
877, 579
878, 580
879, 581
880, 581
881, 581
882, 581
883, 582
884, 583
885, 583
886, 583
887, 584
888, 584
889, 584
890, 585
891, 586
892, 586
893, 587
894, 587
895, 587
896, 587
897, 588
898, 588
899, 588
900, 589
901, 589
902, 590
903, 590
904, 591
905, 591
906, 592
907, 592
908, 593
909, 594
910, 595
911, 595
912, 595
913, 595
914, 595
915, 595
916, 595
917, 595
918, 595
919, 596
920, 596
921, 597
922, 598
923, 598
924, 598
925, 598
926, 599
927, 599
928, 600
929, 600
930, 600
931, 600
932, 600
933, 600
934, 600
935, 600
936, 601
937, 602
938, 602
939, 603
940, 603
941, 603
942, 603
943, 603
944, 604
945, 604
946, 605
947, 606
948, 606
949, 607
950, 608
951, 609
952, 609
953, 610
954, 611
955, 611
956, 611
957, 611
958, 611
959, 611
960, 612
961, 612
962, 612
963, 612
964, 612
965, 612
966, 612
967, 613
968, 613
969, 613
970, 613
971, 613
972, 613
973, 613
974, 613
975, 613
976, 613
977, 614
978, 615
979, 615
980, 616
981, 616
982, 616
983, 616
984, 617
985, 618
986, 618
987, 619
988, 620
989, 621
990, 622
991, 622
992, 623
993, 624
994, 625
995, 626
996, 626
997, 627
998, 627
999, 627
1000, 627
1001, 627
1002, 628
1003, 628
1004, 628
1005, 628
1006, 628
1007, 629
1008, 629
1009, 629
1010, 629
1011, 629
1012, 630
1013, 630
1014, 630
1015, 630
1016, 630
1017, 630
1018, 630
1019, 630
1020, 630
1021, 630
1022, 630
1023, 630
1024, 630
1025, 631
1026, 632
1027, 632
1028, 632
1029, 633
1030, 633
1031, 634
1032, 635
1033, 635
1034, 635
1035, 635
1036, 636
1037, 637
1038, 637
1039, 637
1040, 638
1041, 638
1042, 638
1043, 639
1044, 639
1045, 640
1046, 640
1047, 640
1048, 640
1049, 640
1050, 641
1051, 642
1052, 642
1053, 643
1054, 643
1055, 643
1056, 643
1057, 644
1058, 644
1059, 645
1060, 645
1061, 646
1062, 646
1063, 647
1064, 648
1065, 648
1066, 648
1067, 648
1068, 649
1069, 650
1070, 650
1071, 650
1072, 650
1073, 650
1074, 650
1075, 651
1076, 651
1077, 651
1078, 651
1079, 652
1080, 653
1081, 654
1082, 655
1083, 655
1084, 655
1085, 656
1086, 656
1087, 656
1088, 656
1089, 657
1090, 658
1091, 658
1092, 658
1093, 659
1094, 660
1095, 660
1096, 661
1097, 662
1098, 662
1099, 663
1100, 664
1101, 664
1102, 665
1103, 666
1104, 666
1105, 667
1106, 667
1107, 667
1108, 667
1109, 668
1110, 668
1111, 668
1112, 668
1113, 668
1114, 668
1115, 668
1116, 669
1117, 669
1118, 669
1119, 669
1120, 669
1121, 670
1122, 671
1123, 671
1124, 671
1125, 671
1126, 671
1127, 671
1128, 671
1129, 672
1130, 672
1131, 672
1132, 673
1133, 673
1134, 673
1135, 674
1136, 675
1137, 676
1138, 676
1139, 676
1140, 677
1141, 677
1142, 677
1143, 677
1144, 677
1145, 677
1146, 678
1147, 679
1148, 679
1149, 679
1150, 679
1151, 679
1152, 679
1153, 679
1154, 679
1155, 679
1156, 680
1157, 680
1158, 680
1159, 680
1160, 680
1161, 681
1162, 681
1163, 682
1164, 682
1165, 682
1166, 683
1167, 683
1168, 683
1169, 683
1170, 683
1171, 683
1172, 683
1173, 683
1174, 683
1175, 683
1176, 683
1177, 683
1178, 683
1179, 683
1180, 684
1181, 684
1182, 685
1183, 686
1184, 687
1185, 687
1186, 688
1187, 689
1188, 690
1189, 690
1190, 690
1191, 690
1192, 691
1193, 691
1194, 691
1195, 692
1196, 692
1197, 693
1198, 693
1199, 693
1200, 694
1201, 694
1202, 695
1203, 695
1204, 696
1205, 696
1206, 697
1207, 698
1208, 698
1209, 699
1210, 699
1211, 699
1212, 699
1213, 699
1214, 699
1215, 699
1216, 700
1217, 701
1218, 701
1219, 701
1220, 701
1221, 702
1222, 702
1223, 702
1224, 702
1225, 702
1226, 703
1227, 704
1228, 705
1229, 706
1230, 707
1231, 708
1232, 708
1233, 709
1234, 710
1235, 710
1236, 710
1237, 711
1238, 712
1239, 712
1240, 712
1241, 712
1242, 713
1243, 714
1244, 715
1245, 715
1246, 715
1247, 716
1248, 716
1249, 716
1250, 716
1251, 716
1252, 717
1253, 717
1254, 717
1255, 717
1256, 718
1257, 719
1258, 719
1259, 719
1260, 720
1261, 720
1262, 721
1263, 722
1264, 723
1265, 723
1266, 723
1267, 724
1268, 724
1269, 724
1270, 725
1271, 725
1272, 726
1273, 727
1274, 727
1275, 727
1276, 727
1277, 727
1278, 727
1279, 728
1280, 728
1281, 729
1282, 729
1283, 729
1284, 729
1285, 729
1286, 729
1287, 730
1288, 730
1289, 731
1290, 732
1291, 733
1292, 734
1293, 734
1294, 735
1295, 735
1296, 735
1297, 735
1298, 736
1299, 736
1300, 736
1301, 736
1302, 736
1303, 737
1304, 737
1305, 737
1306, 737
1307, 737
1308, 737
1309, 738
1310, 738
1311, 738
1312, 739
1313, 740
1314, 740
1315, 740
1316, 740
1317, 740
1318, 740
1319, 740
1320, 740
1321, 740
1322, 741
1323, 741
1324, 741
1325, 742
1326, 743
1327, 743
1328, 743
1329, 743
1330, 743
1331, 743
1332, 743
1333, 743
1334, 743
1335, 744
1336, 744
1337, 745
1338, 745
1339, 746
1340, 746
1341, 747
1342, 747
1343, 747
1344, 747
1345, 748
1346, 749
1347, 749
1348, 749
1349, 750
1350, 750
1351, 750
1352, 750
1353, 750
1354, 751
1355, 751
1356, 751
1357, 751
1358, 751
1359, 752
1360, 752
1361, 753
1362, 753
1363, 753
1364, 753
1365, 753
1366, 753
1367, 754
1368, 754
1369, 754
1370, 755
1371, 756
1372, 756
1373, 756
1374, 756
1375, 756
1376, 756
1377, 756
1378, 756
1379, 756
1380, 757
1381, 757
1382, 757
1383, 757
1384, 757
1385, 757
1386, 757
1387, 757
1388, 757
1389, 758
1390, 759
1391, 760
1392, 761
1393, 761
1394, 762
1395, 763
1396, 764
1397, 765
1398, 766
1399, 766
1400, 767
1401, 767
1402, 767
1403, 768
1404, 769
1405, 770
1406, 770
1407, 771
1408, 771
1409, 771
1410, 771
1411, 771
1412, 771
1413, 772
1414, 772
1415, 773
1416, 773
1417, 773
1418, 773
1419, 774
1420, 775
1421, 776
1422, 776
1423, 776
1424, 777
1425, 778
1426, 778
1427, 778
1428, 779
1429, 779
1430, 780
1431, 780
1432, 780
1433, 780
1434, 780
1435, 780
1436, 780
1437, 780
1438, 780
1439, 780
1440, 780
1441, 780
1442, 780
1443, 780
1444, 781
1445, 781
1446, 782
1447, 782
1448, 782
1449, 782
1450, 782
1451, 783
1452, 784
1453, 784
1454, 785
1455, 785
1456, 785
1457, 785
1458, 785
1459, 785
1460, 785
1461, 785
1462, 785
1463, 785
1464, 785
1465, 785
1466, 785
1467, 786
1468, 786
1469, 786
1470, 786
1471, 786
1472, 786
1473, 786
1474, 786
1475, 787
1476, 787
1477, 787
1478, 788
1479, 788
1480, 789
1481, 789
1482, 790
1483, 790
1484, 791
1485, 791
1486, 791
1487, 791
1488, 791
1489, 791
1490, 791
1491, 791
1492, 791
1493, 791
1494, 791
1495, 791
1496, 792
1497, 792
1498, 792
1499, 792
1500, 792
1501, 793
1502, 793
1503, 793
1504, 793
1505, 793
1506, 793
1507, 793
1508, 793
1509, 794
1510, 794
1511, 795
1512, 795
1513, 795
1514, 795
1515, 796
1516, 796
1517, 796
1518, 797
1519, 797
1520, 797
1521, 797
1522, 797
1523, 797
1524, 797
1525, 798
1526, 798
1527, 798
1528, 798
1529, 798
1530, 798
1531, 798
1532, 799
1533, 800
1534, 800
1535, 800
1536, 800
1537, 800
1538, 800
1539, 800
1540, 800
1541, 800
1542, 800
1543, 800
1544, 800
1545, 800
1546, 800
1547, 800
1548, 800
1549, 800
1550, 800
1551, 800
1552, 800
1553, 801
1554, 801
1555, 801
1556, 801
1557, 801
1558, 801
1559, 801
1560, 801
1561, 801
1562, 802
1563, 802
1564, 802
1565, 802
1566, 803
1567, 803
1568, 803
1569, 803
1570, 803
1571, 803
1572, 803
1573, 803
1574, 803
1575, 803
1576, 803
1577, 803
1578, 803
1579, 803
1580, 803
1581, 803
1582, 803
1583, 803
1584, 803
1585, 803
1586, 803
1587, 803
1588, 803
1589, 803
1590, 803
1591, 803
1592, 803
1593, 803
1594, 803
1595, 803
1596, 803
1597, 803
1598, 804
1599, 804
1600, 804
1601, 804
1602, 804
1603, 804
1604, 805
1605, 805
1606, 806
1607, 807
1608, 807
1609, 807
1610, 807
1611, 807
1612, 807
1613, 807
1614, 808
1615, 809
1616, 809
1617, 809
1618, 809
1619, 809
1620, 810
1621, 810
1622, 810
1623, 810
1624, 810
1625, 810
1626, 810
1627, 810
1628, 810
1629, 810
1630, 810
1631, 810
1632, 810
1633, 810
1634, 810
1635, 810
1636, 811
1637, 811
1638, 811
1639, 811
1640, 811
1641, 811
1642, 811
1643, 811
1644, 811
1645, 811
1646, 811
1647, 811
1648, 811
1649, 811
1650, 811
1651, 811
1652, 812
1653, 812
1654, 812
1655, 813
1656, 813
1657, 814
1658, 815
1659, 815
1660, 815
1661, 815
1662, 816
1663, 816
1664, 816
1665, 817
1666, 817
1667, 817
1668, 817
1669, 817
1670, 818
1671, 818
1672, 819
1673, 819
1674, 819
1675, 819
1676, 819
1677, 820
1678, 820
1679, 820
1680, 820
1681, 820
1682, 820
1683, 820
1684, 820
1685, 820
1686, 820
1687, 820
1688, 820
1689, 820
1690, 820
1691, 820
1692, 820
1693, 820
1694, 821
1695, 822
1696, 822
1697, 822
1698, 822
1699, 823
1700, 823
1701, 823
1702, 823
1703, 823
1704, 823
1705, 823
1706, 824
1707, 825
1708, 825
1709, 825
1710, 825
1711, 825
1712, 825
1713, 826
1714, 826
1715, 826
1716, 826
1717, 826
1718, 826
1719, 826
1720, 826
1721, 826
1722, 826
1723, 826
1724, 826
1725, 826
1726, 826
1727, 826
1728, 826
1729, 826
1730, 826
1731, 826
1732, 826
1733, 826
1734, 826
1735, 826
1736, 827
1737, 828
1738, 829
1739, 829
1740, 830
1741, 830
1742, 830
1743, 830
1744, 831
1745, 831
1746, 831
1747, 831
1748, 831
1749, 831
1750, 832
1751, 832
1752, 832
1753, 832
1754, 832
1755, 832
1756, 832
1757, 833
1758, 833
1759, 833
1760, 833
1761, 833
1762, 833
1763, 833
1764, 833
1765, 833
1766, 833
1767, 834
1768, 834
1769, 835
1770, 835
1771, 835
1772, 835
1773, 835
1774, 835
1775, 835
1776, 836
1777, 836
1778, 837
1779, 837
1780, 837
1781, 837
1782, 837
1783, 837
1784, 837
1785, 837
1786, 837
1787, 837
1788, 837
1789, 837
1790, 837
1791, 837
1792, 837
1793, 837
1794, 838
1795, 838
1796, 838
1797, 838
1798, 839
1799, 839
1800, 840
1801, 841
1802, 841
1803, 842
1804, 842
1805, 842
1806, 842
1807, 842
1808, 842
1809, 842
1810, 842
1811, 842
1812, 842
1813, 842
1814, 843
1815, 844
1816, 844
1817, 844
1818, 844
1819, 844
1820, 844
1821, 844
1822, 844
1823, 844
1824, 844
1825, 844
1826, 845
1827, 845
1828, 845
1829, 845
1830, 846
1831, 846
1832, 846
1833, 846
1834, 846
1835, 846
1836, 846
1837, 847
1838, 847
1839, 848
1840, 848
1841, 848
1842, 848
1843, 849
1844, 849
1845, 849
1846, 849
1847, 849
1848, 849
1849, 849
1850, 849
1851, 849
1852, 849
1853, 849
1854, 849
1855, 849
1856, 850
1857, 850
1858, 850
1859, 850
1860, 850
1861, 850
1862, 850
1863, 850
1864, 850
1865, 850
1866, 850
1867, 850
1868, 850
1869, 850
1870, 850
1871, 850
1872, 850
1873, 851
1874, 851
1875, 851
1876, 851
1877, 851
1878, 852
1879, 852
1880, 852
1881, 852
1882, 853
1883, 853
1884, 853
1885, 854
1886, 854
1887, 854
1888, 854
1889, 854
1890, 855
1891, 855
1892, 855
1893, 855
1894, 855
1895, 855
1896, 855
1897, 855
1898, 855
1899, 855
1900, 856
1901, 856
1902, 856
1903, 856
1904, 856
1905, 856
1906, 856
1907, 856
1908, 856
1909, 856
1910, 856
1911, 856
1912, 856
1913, 856
1914, 856
1915, 856
1916, 857
1917, 857
1918, 857
1919, 857
1920, 857
1921, 857
1922, 857
1923, 858
1924, 858
1925, 858
1926, 858
1927, 858
1928, 858
1929, 858
1930, 858
1931, 858
1932, 858
1933, 858
1934, 858
1935, 859
1936, 859
1937, 859
1938, 859
1939, 859
1940, 859
1941, 859
1942, 859
1943, 859
1944, 859
1945, 859
1946, 859
1947, 860
1948, 860
1949, 860
1950, 860
1951, 860
1952, 860
1953, 860
1954, 861
1955, 861
1956, 861
1957, 861
1958, 861
1959, 861
1960, 861
1961, 861
1962, 862
1963, 862
1964, 862
1965, 863
1966, 863
1967, 863
1968, 864
1969, 864
1970, 864
1971, 864
1972, 864
1973, 864
1974, 864
1975, 864
1976, 864
1977, 864
1978, 864
1979, 864
1980, 864
1981, 864
1982, 864
1983, 864
1984, 865
1985, 866
1986, 866
1987, 866
1988, 866
1989, 866
1990, 866
1991, 866
1992, 867
1993, 867
1994, 867
1995, 867
1996, 867
1997, 867
1998, 867
1999, 867
2000, 867
2001, 867
2002, 868
2003, 869
2004, 869
2005, 869
2006, 870
2007, 870
2008, 871
2009, 871
2010, 872
2011, 872
2012, 872
2013, 872
2014, 873
2015, 874
2016, 874
2017, 874
2018, 874
2019, 874
2020, 874
2021, 874
2022, 875
2023, 875
2024, 875
2025, 875
2026, 875
2027, 875
2028, 875
2029, 875
2030, 875
2031, 875
2032, 875
2033, 875
2034, 875
2035, 875
2036, 875
2037, 875
2038, 875
2039, 875
2040, 875
2041, 875
2042, 875
2043, 875
2044, 875
2045, 875
2046, 875
2047, 875
2048, 875
2049, 876
2050, 876
2051, 877
2052, 877
2053, 877
2054, 877
2055, 877
2056, 877
2057, 877
2058, 877
2059, 877
2060, 877
2061, 877
2062, 877
2063, 877
2064, 877
2065, 877
2066, 877
2067, 877
2068, 877
2069, 877
2070, 877
2071, 877
2072, 878
2073, 878
2074, 878
2075, 878
2076, 878
2077, 878
2078, 878
2079, 878
2080, 878
2081, 878
2082, 878
2083, 878
2084, 878
2085, 878
2086, 878
2087, 878
2088, 878
2089, 878
2090, 878
2091, 878
2092, 878
2093, 878
2094, 878
2095, 878
2096, 879
2097, 879
2098, 879
2099, 879
2100, 879
2101, 879
2102, 879
2103, 879
2104, 879
2105, 879
2106, 879
2107, 879
2108, 879
2109, 879
2110, 879
2111, 879
2112, 879
2113, 879
2114, 879
2115, 880
2116, 880
2117, 880
2118, 880
2119, 880
2120, 880
2121, 880
2122, 880
2123, 881
2124, 881
2125, 881
2126, 881
2127, 882
2128, 882
2129, 882
2130, 882
2131, 882
2132, 882
2133, 882
2134, 882
2135, 882
2136, 882
2137, 882
2138, 882
2139, 882
2140, 883
2141, 883
2142, 883
2143, 883
2144, 883
2145, 883
2146, 883
2147, 883
2148, 883
2149, 883
2150, 883
2151, 883
2152, 883
2153, 883
2154, 883
2155, 883
2156, 883
2157, 884
2158, 884
2159, 884
2160, 884
2161, 884
2162, 884
2163, 884
2164, 885
2165, 885
2166, 885
2167, 885
2168, 885
2169, 885
2170, 886
2171, 886
2172, 886
2173, 886
2174, 886
2175, 886
2176, 886
2177, 886
2178, 886
2179, 886
2180, 886
2181, 886
2182, 886
2183, 886
2184, 886
2185, 887
2186, 888
2187, 888
2188, 888
2189, 888
2190, 888
2191, 888
2192, 888
2193, 888
2194, 888
2195, 889
2196, 889
2197, 889
2198, 889
2199, 889
2200, 889
2201, 889
2202, 889
2203, 889
2204, 889
2205, 889
2206, 889
2207, 889
2208, 889
2209, 889
2210, 889
2211, 889
2212, 889
2213, 889
2214, 889
2215, 889
2216, 889
2217, 889
2218, 889
2219, 889
2220, 890
2221, 890
2222, 890
2223, 890
2224, 890
2225, 890
2226, 890
2227, 890
2228, 890
2229, 890
2230, 890
2231, 891
2232, 892
2233, 892
2234, 893
2235, 893
2236, 893
2237, 894
2238, 894
2239, 894
2240, 894
2241, 894
2242, 894
2243, 894
2244, 894
2245, 894
2246, 894
2247, 894
2248, 894
2249, 894
2250, 895
2251, 896
2252, 896
2253, 896
2254, 896
2255, 896
2256, 896
2257, 896
2258, 896
2259, 896
2260, 896
2261, 896
2262, 896
2263, 896
2264, 896
2265, 896
2266, 896
2267, 896
2268, 896
2269, 896
2270, 896
2271, 896
2272, 896
2273, 897
2274, 897
2275, 897
2276, 898
2277, 898
2278, 898
2279, 898
2280, 898
2281, 898
2282, 898
2283, 898
2284, 898
2285, 898
2286, 898
2287, 898
2288, 898
2289, 898
2290, 898
2291, 898
2292, 898
2293, 898
2294, 899
2295, 899
2296, 899
2297, 899
2298, 899
2299, 899
2300, 899
2301, 899
2302, 899
2303, 899
2304, 899
2305, 899
2306, 899
2307, 899
2308, 899
2309, 899
2310, 899
2311, 899
2312, 899
2313, 899
2314, 899
2315, 899
2316, 899
2317, 899
2318, 899
2319, 899
2320, 899
2321, 900
2322, 900
2323, 900
2324, 900
2325, 900
2326, 900
2327, 900
2328, 900
2329, 900
2330, 900
2331, 900
2332, 900
2333, 901
2334, 901
2335, 901
2336, 901
2337, 901
2338, 901
2339, 902
2340, 903
2341, 904
2342, 904
2343, 904
2344, 904
2345, 904
2346, 904
2347, 904
2348, 904
2349, 904
2350, 904
2351, 905
2352, 906
2353, 906
2354, 906
2355, 906
2356, 906
2357, 906
2358, 906
2359, 906
2360, 906
2361, 906
2362, 906
2363, 906
2364, 906
2365, 907
2366, 907
2367, 907
2368, 907
2369, 908
2370, 908
2371, 908
2372, 908
2373, 908
2374, 908
2375, 908
2376, 908
2377, 908
2378, 908
2379, 908
2380, 908
2381, 908
2382, 908
2383, 908
2384, 908
2385, 908
2386, 908
2387, 908
2388, 908
2389, 908
2390, 908
2391, 908
2392, 908
2393, 908
2394, 908
2395, 909
2396, 909
2397, 909
2398, 909
2399, 909
2400, 909
2401, 909
2402, 909
2403, 909
2404, 910
2405, 910
2406, 910
2407, 910
2408, 910
2409, 910
2410, 911
2411, 911
2412, 911
2413, 911
2414, 911
2415, 911
2416, 911
2417, 911
2418, 911
2419, 911
2420, 911
2421, 911
2422, 911
2423, 911
2424, 911
2425, 911
2426, 911
2427, 912
2428, 912
2429, 912
2430, 912
2431, 912
2432, 912
2433, 912
2434, 912
2435, 912
2436, 912
2437, 912
2438, 912
2439, 912
2440, 912
2441, 912
2442, 912
2443, 913
2444, 913
2445, 913
2446, 913
2447, 913
2448, 913
2449, 913
2450, 913
2451, 913
2452, 913
2453, 913
2454, 913
2455, 913
2456, 913
2457, 913
2458, 913
2459, 913
2460, 913
2461, 913
2462, 913
2463, 913
2464, 913
2465, 913
2466, 913
2467, 913
2468, 913
2469, 913
2470, 913
2471, 913
2472, 913
2473, 913
2474, 913
2475, 913
2476, 914
2477, 914
2478, 914
2479, 914
2480, 914
2481, 914
2482, 914
2483, 914
2484, 914
2485, 914
2486, 914
2487, 914
2488, 914
2489, 914
2490, 914
2491, 914
2492, 914
2493, 914
2494, 914
2495, 914
2496, 915
2497, 915
2498, 915
2499, 915
2500, 915
2501, 915
2502, 915
2503, 915
2504, 915
2505, 915
2506, 915
2507, 915
2508, 915
2509, 915
2510, 915
2511, 915
2512, 916
2513, 916
2514, 916
2515, 917
2516, 917
2517, 918
2518, 918
2519, 918
2520, 918
2521, 918
2522, 918
2523, 918
2524, 918
2525, 918
2526, 918
2527, 918
2528, 918
2529, 918
2530, 918
2531, 919
2532, 919
2533, 919
2534, 920
2535, 920
2536, 921
2537, 921
2538, 921
2539, 921
2540, 921
2541, 921
2542, 921
2543, 921
2544, 921
2545, 921
2546, 921
2547, 921
2548, 921
2549, 921
2550, 921
2551, 922
2552, 922
2553, 922
2554, 922
2555, 922
2556, 922
2557, 922
2558, 922
2559, 922
2560, 922
2561, 922
2562, 922
2563, 922
2564, 923
2565, 923
2566, 924
2567, 924
2568, 924
2569, 924
2570, 924
2571, 925
2572, 925
2573, 925
2574, 925
2575, 926
2576, 926
2577, 926
2578, 926
2579, 926
2580, 926
2581, 926
2582, 926
2583, 926
2584, 926
2585, 926
2586, 926
2587, 926
2588, 926
2589, 926
2590, 926
2591, 926
2592, 926
2593, 926
2594, 926
2595, 926
2596, 926
2597, 926
2598, 927
2599, 927
2600, 927
2601, 927
2602, 927
2603, 927
2604, 927
2605, 927
2606, 927
2607, 927
2608, 927
2609, 927
2610, 927
2611, 927
2612, 927
2613, 927
2614, 927
2615, 927
2616, 927
2617, 927
2618, 927
2619, 927
2620, 927
2621, 927
2622, 927
2623, 928
2624, 928
2625, 928
2626, 928
2627, 928
2628, 928
2629, 928
2630, 928
2631, 928
2632, 928
2633, 928
2634, 928
2635, 928
2636, 928
2637, 928
2638, 928
2639, 928
2640, 928
2641, 928
2642, 928
2643, 928
2644, 928
2645, 928
2646, 928
2647, 928
2648, 928
2649, 928
2650, 928
2651, 928
2652, 928
2653, 928
2654, 928
2655, 928
2656, 929
2657, 930
2658, 930
2659, 930
2660, 930
2661, 930
2662, 930
2663, 930
2664, 930
2665, 930
2666, 930
2667, 930
2668, 930
2669, 930
2670, 930
2671, 930
2672, 930
2673, 930
2674, 930
2675, 930
2676, 930
2677, 930
2678, 930
2679, 930
2680, 930
2681, 931
2682, 931
2683, 931
2684, 931
2685, 931
2686, 931
2687, 931
2688, 931
2689, 931
2690, 931
2691, 931
2692, 931
2693, 931
2694, 932
2695, 932
2696, 932
2697, 932
2698, 932
2699, 932
2700, 932
2701, 932
2702, 932
2703, 932
2704, 932
2705, 932
2706, 932
2707, 932
2708, 932
2709, 932
2710, 932
2711, 932
2712, 932
2713, 933
2714, 933
2715, 933
2716, 933
2717, 933
2718, 933
2719, 933
2720, 933
2721, 933
2722, 933
2723, 934
2724, 934
2725, 934
2726, 934
2727, 934
2728, 934
2729, 934
2730, 934
2731, 934
2732, 934
2733, 935
2734, 935
2735, 935
2736, 935
2737, 935
2738, 935
2739, 935
2740, 935
2741, 936
2742, 936
2743, 936
2744, 936
2745, 936
2746, 936
2747, 936
2748, 936
2749, 936
2750, 937
2751, 937
2752, 937
2753, 937
2754, 937
2755, 937
2756, 937
2757, 937
2758, 937
2759, 937
2760, 937
2761, 937
2762, 937
2763, 937
2764, 937
2765, 937
2766, 937
2767, 937
2768, 937
2769, 937
2770, 937
2771, 937
2772, 937
2773, 937
2774, 937
2775, 937
2776, 937
2777, 937
2778, 937
2779, 937
2780, 937
2781, 937
2782, 937
2783, 937
2784, 937
2785, 937
2786, 937
2787, 937
2788, 938
2789, 938
2790, 938
2791, 938
2792, 938
2793, 938
2794, 938
2795, 938
2796, 938
2797, 938
2798, 938
2799, 938
2800, 939
2801, 939
2802, 939
2803, 939
2804, 940
2805, 940
2806, 940
2807, 940
2808, 940
2809, 940
2810, 940
2811, 940
2812, 940
2813, 940
2814, 940
2815, 940
2816, 940
2817, 940
2818, 940
2819, 940
2820, 940
2821, 940
2822, 940
2823, 940
2824, 940
2825, 940
2826, 940
2827, 940
2828, 940
2829, 940
2830, 940
2831, 940
2832, 940
2833, 941
2834, 941
2835, 941
2836, 941
2837, 941
2838, 941
2839, 941
2840, 941
2841, 941
2842, 941
2843, 941
2844, 941
2845, 941
2846, 941
2847, 941
2848, 941
2849, 941
2850, 941
2851, 941
2852, 941
2853, 941
2854, 942
2855, 942
2856, 942
2857, 942
2858, 942
2859, 942
2860, 942
2861, 942
2862, 942
2863, 942
2864, 942
2865, 942
2866, 943
2867, 943
2868, 943
2869, 943
2870, 943
2871, 943
2872, 943
2873, 943
2874, 943
2875, 943
2876, 943
2877, 943
2878, 943
2879, 943
2880, 943
2881, 943
2882, 943
2883, 943
2884, 943
2885, 943
2886, 943
2887, 944
2888, 944
2889, 944
2890, 944
2891, 944
2892, 944
2893, 944
2894, 944
2895, 944
2896, 944
2897, 944
2898, 944
2899, 944
2900, 944
2901, 944
2902, 944
2903, 944
2904, 944
2905, 944
2906, 944
2907, 944
2908, 944
2909, 944
2910, 944
2911, 944
2912, 944
2913, 944
2914, 944
2915, 944
2916, 944
2917, 944
2918, 944
2919, 944
2920, 944
2921, 944
2922, 944
2923, 944
2924, 944
2925, 944
2926, 944
2927, 944
2928, 944
2929, 944
2930, 944
2931, 944
2932, 944
2933, 944
2934, 944
2935, 944
2936, 944
2937, 944
2938, 944
2939, 944
2940, 944
2941, 944
2942, 944
2943, 944
2944, 944
2945, 944
2946, 944
2947, 944
2948, 944
2949, 944
2950, 944
2951, 944
2952, 944
2953, 944
2954, 944
2955, 944
2956, 944
2957, 944
2958, 945
2959, 945
2960, 945
2961, 945
2962, 945
2963, 945
2964, 945
2965, 946
2966, 946
2967, 946
2968, 946
2969, 946
2970, 946
2971, 946
2972, 946
2973, 946
2974, 946
2975, 946
2976, 946
2977, 946
2978, 946
2979, 946
2980, 946
2981, 946
2982, 946
2983, 946
2984, 946
2985, 946
2986, 946
2987, 946
2988, 946
2989, 946
2990, 946
2991, 946
2992, 946
2993, 946
2994, 946
2995, 946
2996, 946
2997, 946
2998, 946
2999, 946
3000, 946
3001, 946
3002, 946
3003, 946
3004, 946
3005, 946
3006, 947
3007, 947
3008, 947
3009, 947
3010, 947
3011, 947
3012, 947
3013, 947
3014, 947
3015, 948
3016, 948
3017, 949
3018, 949
3019, 949
3020, 949
3021, 949
3022, 949
3023, 949
3024, 949
3025, 949
3026, 950
3027, 950
3028, 950
3029, 950
3030, 950
3031, 950
3032, 950
3033, 950
3034, 950
3035, 950
3036, 950
3037, 950
3038, 950
3039, 950
3040, 950
3041, 950
3042, 950
3043, 950
3044, 950
3045, 950
3046, 950
3047, 950
3048, 950
3049, 950
3050, 950
3051, 950
3052, 950
3053, 950
3054, 950
3055, 950
3056, 950
3057, 950
3058, 950
3059, 950
3060, 950
3061, 950
3062, 950
3063, 950
3064, 950
3065, 950
3066, 950
3067, 950
3068, 950
3069, 951
3070, 952
3071, 952
3072, 952
3073, 952
3074, 952
3075, 952
3076, 952
3077, 952
3078, 952
3079, 952
3080, 952
3081, 952
3082, 952
3083, 952
3084, 952
3085, 952
3086, 952
3087, 952
3088, 952
3089, 952
3090, 952
3091, 952
3092, 952
3093, 952
3094, 952
3095, 952
3096, 952
3097, 952
3098, 952
3099, 952
3100, 953
3101, 953
3102, 953
3103, 953
3104, 953
3105, 954
3106, 954
3107, 954
3108, 954
3109, 954
3110, 954
3111, 954
3112, 954
3113, 954
3114, 954
3115, 954
3116, 954
3117, 954
3118, 954
3119, 954
3120, 954
3121, 954
3122, 954
3123, 954
3124, 954
3125, 954
3126, 954
3127, 954
3128, 954
3129, 954
3130, 954
3131, 954
3132, 954
3133, 954
3134, 954
3135, 954
3136, 954
3137, 954
3138, 954
3139, 954
3140, 954
3141, 954
3142, 955
3143, 955
3144, 955
3145, 955
3146, 955
3147, 955
3148, 955
3149, 956
3150, 956
3151, 956
3152, 956
3153, 956
3154, 956
3155, 956
3156, 956
3157, 956
3158, 956
3159, 956
3160, 956
3161, 956
3162, 956
3163, 956
3164, 956
3165, 956
3166, 956
3167, 956
3168, 956
3169, 956
3170, 956
3171, 956
3172, 956
3173, 956
3174, 956
3175, 956
3176, 956
3177, 957
3178, 957
3179, 957
3180, 958
3181, 958
3182, 958
3183, 958
3184, 958
3185, 958
3186, 958
3187, 958
3188, 958
3189, 958
3190, 958
3191, 958
3192, 958
3193, 958
3194, 958
3195, 958
3196, 958
3197, 958
3198, 958
3199, 958
3200, 958
3201, 958
3202, 958
3203, 959
3204, 959
3205, 959
3206, 959
3207, 959
3208, 959
3209, 959
3210, 959
3211, 959
3212, 959
3213, 959
3214, 959
3215, 959
3216, 959
3217, 959
3218, 959
3219, 960
3220, 960
3221, 960
3222, 960
3223, 960
3224, 960
3225, 960
3226, 960
3227, 960
3228, 960
3229, 960
3230, 960
3231, 960
3232, 960
3233, 960
3234, 960
3235, 960
3236, 960
3237, 960
3238, 960
3239, 960
3240, 960
3241, 960
3242, 960
3243, 960
3244, 961
3245, 961
3246, 961
3247, 961
3248, 961
3249, 961
3250, 961
3251, 961
3252, 961
3253, 961
3254, 961
3255, 961
3256, 961
3257, 961
3258, 961
3259, 961
3260, 961
3261, 961
3262, 961
3263, 961
3264, 961
3265, 961
3266, 961
3267, 962
3268, 962
3269, 963
3270, 963
3271, 963
3272, 963
3273, 963
3274, 963
3275, 963
3276, 963
3277, 963
3278, 963
3279, 964
3280, 964
3281, 964
3282, 964
3283, 964
3284, 964
3285, 964
3286, 964
3287, 964
3288, 964
3289, 964
3290, 964
3291, 964
3292, 964
3293, 964
3294, 964
3295, 964
3296, 964
3297, 964
3298, 964
3299, 964
3300, 964
3301, 964
3302, 964
3303, 964
3304, 964
3305, 964
3306, 964
3307, 964
3308, 964
3309, 964
3310, 964
3311, 964
3312, 964
3313, 964
3314, 964
3315, 964
3316, 964
3317, 964
3318, 964
3319, 964
3320, 964
3321, 964
3322, 964
3323, 964
3324, 964
3325, 965
3326, 965
3327, 966
3328, 966
3329, 966
3330, 966
3331, 966
3332, 966
3333, 966
3334, 966
3335, 966
3336, 966
3337, 966
3338, 966
3339, 966
3340, 966
3341, 966
3342, 966
3343, 966
3344, 966
3345, 966
3346, 966
3347, 966
3348, 966
3349, 966
3350, 966
3351, 966
3352, 966
3353, 966
3354, 966
3355, 966
3356, 966
3357, 967
3358, 967
3359, 967
3360, 967
3361, 967
3362, 967
3363, 967
3364, 967
3365, 967
3366, 967
3367, 967
3368, 967
3369, 967
3370, 967
3371, 967
3372, 967
3373, 968
3374, 968
3375, 968
3376, 968
3377, 968
3378, 968
3379, 968
3380, 968
3381, 968
3382, 968
3383, 968
3384, 968
3385, 968
3386, 968
3387, 968
3388, 968
3389, 968
3390, 968
3391, 968
3392, 968
3393, 968
3394, 968
3395, 968
3396, 968
3397, 968
3398, 968
3399, 968
3400, 968
3401, 968
3402, 968
3403, 968
3404, 968
3405, 968
3406, 968
3407, 968
3408, 968
3409, 968
3410, 968
3411, 968
3412, 968
3413, 968
3414, 969
3415, 969
3416, 969
3417, 969
3418, 969
3419, 969
3420, 969
3421, 969
3422, 969
3423, 969
3424, 969
3425, 969
3426, 969
3427, 969
3428, 969
3429, 969
3430, 969
3431, 969
3432, 969
3433, 969
3434, 969
3435, 969
3436, 969
3437, 969
3438, 969
3439, 969
3440, 969
3441, 969
3442, 969
3443, 969
3444, 969
3445, 969
3446, 969
3447, 969
3448, 969
3449, 969
3450, 970
3451, 970
3452, 970
3453, 970
3454, 970
3455, 970
3456, 970
3457, 970
3458, 970
3459, 970
3460, 970
3461, 970
3462, 970
3463, 970
3464, 970
3465, 970
3466, 970
3467, 970
3468, 970
3469, 970
3470, 970
3471, 970
3472, 970
3473, 970
3474, 970
3475, 970
3476, 970
3477, 970
3478, 970
3479, 970
3480, 970
3481, 970
3482, 970
3483, 970
3484, 970
3485, 970
3486, 970
3487, 970
3488, 970
3489, 970
3490, 970
3491, 970
3492, 970
3493, 970
3494, 970
3495, 970
3496, 970
3497, 970
3498, 970
3499, 971
3500, 971
3501, 971
3502, 971
3503, 971
3504, 971
3505, 971
3506, 971
3507, 971
3508, 971
3509, 971
3510, 971
3511, 971
3512, 971
3513, 971
3514, 971
3515, 971
3516, 971
3517, 971
3518, 971
3519, 971
3520, 971
3521, 971
3522, 971
3523, 971
3524, 971
3525, 971
3526, 971
3527, 971
3528, 971
3529, 971
3530, 971
3531, 971
3532, 971
3533, 971
3534, 971
3535, 971
3536, 971
3537, 971
3538, 971
3539, 971
3540, 971
3541, 971
3542, 971
3543, 971
3544, 972
3545, 972
3546, 972
3547, 972
3548, 972
3549, 972
3550, 972
3551, 972
3552, 972
3553, 972
3554, 972
3555, 972
3556, 972
3557, 972
3558, 972
3559, 972
3560, 972
3561, 972
3562, 972
3563, 972
3564, 972
3565, 972
3566, 972
3567, 972
3568, 972
3569, 972
3570, 972
3571, 972
3572, 972
3573, 972
3574, 972
3575, 972
3576, 973
3577, 973
3578, 973
3579, 973
3580, 973
3581, 973
3582, 973
3583, 973
3584, 973
3585, 973
3586, 973
3587, 973
3588, 973
3589, 973
3590, 973
3591, 973
3592, 973
3593, 973
3594, 973
3595, 973
3596, 973
3597, 973
3598, 973
3599, 973
3600, 973
3601, 973
3602, 973
3603, 973
3604, 973
3605, 973
3606, 973
3607, 973
3608, 973
3609, 973
3610, 973
3611, 973
3612, 973
3613, 973
3614, 973
3615, 973
3616, 973
3617, 973
3618, 973
3619, 973
3620, 974
3621, 974
3622, 974
3623, 974
3624, 974
3625, 974
3626, 974
3627, 974
3628, 974
3629, 975
3630, 975
3631, 975
3632, 975
3633, 975
3634, 975
3635, 975
3636, 975
3637, 975
3638, 976
3639, 976
3640, 976
3641, 976
3642, 976
3643, 976
3644, 977
3645, 977
3646, 977
3647, 977
3648, 977
3649, 977
3650, 977
3651, 977
3652, 977
3653, 977
3654, 977
3655, 977
3656, 977
3657, 977
3658, 977
3659, 977
3660, 977
3661, 977
3662, 977
3663, 977
3664, 977
3665, 977
3666, 977
3667, 977
3668, 977
3669, 977
3670, 977
3671, 977
3672, 977
3673, 977
3674, 977
3675, 977
3676, 977
3677, 977
3678, 977
3679, 977
3680, 977
3681, 977
3682, 977
3683, 977
3684, 977
3685, 977
3686, 977
3687, 977
3688, 977
3689, 977
3690, 977
3691, 977
3692, 977
3693, 978
3694, 978
3695, 978
3696, 978
3697, 978
3698, 978
3699, 978
3700, 978
3701, 978
3702, 978
3703, 978
3704, 978
3705, 978
3706, 978
3707, 978
3708, 978
3709, 978
3710, 978
3711, 978
3712, 978
3713, 978
3714, 978
3715, 978
3716, 978
3717, 978
3718, 978
3719, 978
3720, 978
3721, 978
3722, 978
3723, 978
3724, 978
3725, 978
3726, 978
3727, 978
3728, 978
3729, 978
3730, 978
3731, 979
3732, 979
3733, 979
3734, 979
3735, 979
3736, 979
3737, 979
3738, 979
3739, 979
3740, 979
3741, 979
3742, 979
3743, 979
3744, 979
3745, 979
3746, 979
3747, 979
3748, 979
3749, 979
3750, 979
3751, 979
3752, 979
3753, 979
3754, 979
3755, 979
3756, 979
3757, 979
3758, 979
3759, 979
3760, 979
3761, 979
3762, 979
3763, 979
3764, 979
3765, 979
3766, 979
3767, 979
3768, 979
3769, 979
3770, 979
3771, 979
3772, 979
3773, 979
3774, 979
3775, 979
3776, 979
3777, 979
3778, 979
3779, 979
3780, 979
3781, 979
3782, 979
3783, 979
3784, 979
3785, 979
3786, 979
3787, 979
3788, 979
3789, 979
3790, 979
3791, 979
3792, 979
3793, 979
3794, 979
3795, 979
3796, 979
3797, 979
3798, 979
3799, 979
3800, 979
3801, 979
3802, 979
3803, 979
3804, 979
3805, 979
3806, 979
3807, 979
3808, 979
3809, 979
3810, 979
3811, 979
3812, 979
3813, 979
3814, 979
3815, 979
3816, 979
3817, 979
3818, 979
3819, 979
3820, 979
3821, 979
3822, 979
3823, 979
3824, 979
3825, 979
3826, 979
3827, 979
3828, 979
3829, 979
3830, 979
3831, 979
3832, 979
3833, 979
3834, 979
3835, 979
3836, 979
3837, 979
3838, 979
3839, 979
3840, 979
3841, 979
3842, 979
3843, 979
3844, 979
3845, 979
3846, 979
3847, 979
3848, 979
3849, 979
3850, 980
3851, 980
3852, 980
3853, 980
3854, 980
3855, 980
3856, 980
3857, 980
3858, 980
3859, 980
3860, 980
3861, 980
3862, 981
3863, 981
3864, 981
3865, 981
3866, 981
3867, 981
3868, 981
3869, 981
3870, 981
3871, 981
3872, 981
3873, 981
3874, 981
3875, 981
3876, 981
3877, 981
3878, 982
3879, 983
3880, 983
3881, 983
3882, 983
3883, 983
3884, 983
3885, 983
3886, 983
3887, 983
3888, 983
3889, 983
3890, 983
3891, 983
3892, 983
3893, 983
3894, 983
3895, 983
3896, 983
3897, 983
3898, 983
3899, 983
3900, 983
3901, 983
3902, 983
3903, 983
3904, 983
3905, 983
3906, 983
3907, 983
3908, 983
3909, 983
3910, 983
3911, 983
3912, 983
3913, 983
3914, 983
3915, 983
3916, 983
3917, 983
3918, 983
3919, 984
3920, 984
3921, 984
3922, 984
3923, 984
3924, 984
3925, 984
3926, 984
3927, 984
3928, 984
3929, 984
3930, 984
3931, 984
3932, 984
3933, 984
3934, 984
3935, 984
3936, 984
3937, 984
3938, 984
3939, 984
3940, 984
3941, 984
3942, 984
3943, 984
3944, 984
3945, 984
3946, 984
3947, 984
3948, 984
3949, 984
3950, 984
3951, 984
3952, 984
3953, 984
3954, 984
3955, 984
3956, 984
3957, 984
3958, 984
3959, 984
3960, 984
3961, 984
3962, 984
3963, 984
3964, 984
3965, 984
3966, 984
3967, 984
3968, 985
3969, 985
3970, 985
3971, 985
3972, 985
3973, 985
3974, 985
3975, 985
3976, 985
3977, 985
3978, 985
3979, 985
3980, 985
3981, 985
3982, 985
3983, 985
3984, 985
3985, 985
3986, 986
3987, 986
3988, 986
3989, 986
3990, 987
3991, 987
3992, 987
3993, 987
3994, 987
3995, 987
3996, 987
3997, 987
3998, 987
3999, 987
4000, 987
4001, 987
4002, 987
4003, 987
4004, 987
4005, 987
4006, 987
4007, 987
4008, 987
4009, 987
4010, 987
4011, 987
4012, 987
4013, 987
4014, 987
4015, 987
4016, 987
4017, 987
4018, 987
4019, 987
4020, 987
4021, 987
4022, 987
4023, 987
4024, 987
4025, 987
4026, 987
4027, 987
4028, 988
4029, 988
4030, 988
4031, 988
4032, 988
4033, 988
4034, 988
4035, 988
4036, 988
4037, 988
4038, 988
4039, 988
4040, 988
4041, 988
4042, 988
4043, 988
4044, 988
4045, 988
4046, 988
4047, 988
4048, 988
4049, 988
4050, 988
4051, 988
4052, 988
4053, 988
4054, 988
4055, 988
4056, 988
4057, 988
4058, 988
4059, 988
4060, 988
4061, 988
4062, 988
4063, 988
4064, 988
4065, 988
4066, 988
4067, 989
4068, 989
4069, 989
4070, 989
4071, 989
4072, 989
4073, 989
4074, 989
4075, 989
4076, 989
4077, 989
4078, 989
4079, 989
4080, 989
4081, 989
4082, 989
4083, 989
4084, 989
4085, 989
4086, 989
4087, 989
4088, 989
4089, 989
4090, 989
4091, 989
4092, 989
4093, 989
4094, 989
4095, 989
4096, 989
4097, 989
4098, 989
4099, 989
4100, 989
4101, 989
4102, 989
4103, 989
4104, 989
4105, 989
4106, 989
4107, 989
4108, 989
4109, 989
4110, 989
4111, 989
4112, 989
4113, 989
4114, 989
4115, 989
4116, 989
4117, 989
4118, 989
4119, 989
4120, 989
4121, 989
4122, 989
4123, 989
4124, 989
4125, 989
4126, 989
4127, 989
4128, 989
4129, 989
4130, 989
4131, 989
4132, 989
4133, 989
4134, 989
4135, 989
4136, 989
4137, 989
4138, 989
4139, 989
4140, 989
4141, 989
4142, 989
4143, 989
4144, 989
4145, 989
4146, 989
4147, 989
4148, 989
4149, 989
4150, 989
4151, 989
4152, 989
4153, 989
4154, 989
4155, 989
4156, 989
4157, 989
4158, 989
4159, 989
4160, 989
4161, 989
4162, 989
4163, 989
4164, 989
4165, 989
4166, 989
4167, 989
4168, 989
4169, 989
4170, 989
4171, 989
4172, 989
4173, 989
4174, 989
4175, 989
4176, 989
4177, 989
4178, 989
4179, 989
4180, 989
4181, 989
4182, 989
4183, 989
4184, 989
4185, 990
4186, 990
4187, 990
4188, 990
4189, 990
4190, 990
4191, 990
4192, 990
4193, 990
4194, 990
4195, 991
4196, 991
4197, 991
4198, 991
4199, 991
4200, 991
4201, 991
4202, 991
4203, 991
4204, 991
4205, 991
4206, 991
4207, 991
4208, 991
4209, 991
4210, 991
4211, 991
4212, 991
4213, 991
4214, 991
4215, 991
4216, 991
4217, 991
4218, 991
4219, 991
4220, 991
4221, 991
4222, 991
4223, 991
4224, 991
4225, 991
4226, 991
4227, 991
4228, 991
4229, 991
4230, 991
4231, 991
4232, 991
4233, 991
4234, 991
4235, 991
4236, 991
4237, 991
4238, 991
4239, 991
4240, 991
4241, 991
4242, 991
4243, 991
4244, 991
4245, 991
4246, 991
4247, 991
4248, 991
4249, 991
4250, 991
4251, 991
4252, 991
4253, 991
4254, 991
4255, 991
4256, 991
4257, 991
4258, 991
4259, 991
4260, 991
4261, 991
4262, 991
4263, 991
4264, 991
4265, 991
4266, 991
4267, 991
4268, 991
4269, 991
4270, 991
4271, 991
4272, 991
4273, 991
4274, 991
4275, 991
4276, 991
4277, 991
4278, 991
4279, 991
4280, 991
4281, 991
4282, 991
4283, 991
4284, 991
4285, 991
4286, 991
4287, 991
4288, 991
4289, 991
4290, 991
4291, 991
4292, 991
4293, 991
4294, 992
4295, 992
4296, 992
4297, 992
4298, 992
4299, 992
4300, 992
4301, 992
4302, 992
4303, 992
4304, 992
4305, 992
4306, 992
4307, 992
4308, 992
4309, 992
4310, 992
4311, 992
4312, 992
4313, 992
4314, 992
4315, 992
4316, 992
4317, 992
4318, 992
4319, 992
4320, 992
4321, 992
4322, 992
4323, 992
4324, 992
4325, 992
4326, 992
4327, 992
4328, 992
4329, 992
4330, 992
4331, 992
4332, 992
4333, 992
4334, 992
4335, 992
4336, 992
4337, 992
4338, 992
4339, 992
4340, 992
4341, 992
4342, 992
4343, 992
4344, 992
4345, 992
4346, 992
4347, 992
4348, 992
4349, 992
4350, 992
4351, 992
4352, 992
4353, 992
4354, 992
4355, 992
4356, 992
4357, 992
4358, 992
4359, 992
4360, 992
4361, 992
4362, 992
4363, 992
4364, 992
4365, 992
4366, 992
4367, 992
4368, 992
4369, 992
4370, 992
4371, 992
4372, 992
4373, 992
4374, 992
4375, 992
4376, 992
4377, 992
4378, 992
4379, 992
4380, 992
4381, 992
4382, 992
4383, 992
4384, 992
4385, 992
4386, 992
4387, 992
4388, 992
4389, 992
4390, 992
4391, 992
4392, 992
4393, 992
4394, 992
4395, 992
4396, 992
4397, 992
4398, 992
4399, 992
4400, 992
4401, 992
4402, 992
4403, 992
4404, 992
4405, 992
4406, 992
4407, 992
4408, 992
4409, 992
4410, 992
4411, 992
4412, 992
4413, 992
4414, 992
4415, 992
4416, 992
4417, 992
4418, 992
4419, 992
4420, 992
4421, 992
4422, 992
4423, 992
4424, 992
4425, 992
4426, 992
4427, 992
4428, 992
4429, 992
4430, 992
4431, 992
4432, 992
4433, 992
4434, 992
4435, 992
4436, 992
4437, 992
4438, 992
4439, 992
4440, 992
4441, 992
4442, 992
4443, 992
4444, 992
4445, 992
4446, 992
4447, 992
4448, 992
4449, 992
4450, 992
4451, 992
4452, 992
4453, 992
4454, 992
4455, 992
4456, 992
4457, 992
4458, 992
4459, 992
4460, 992
4461, 992
4462, 992
4463, 992
4464, 992
4465, 992
4466, 992
4467, 992
4468, 992
4469, 992
4470, 992
4471, 992
4472, 992
4473, 992
4474, 992
4475, 992
4476, 992
4477, 992
4478, 992
4479, 992
4480, 992
4481, 992
4482, 992
4483, 992
4484, 992
4485, 992
4486, 992
4487, 992
4488, 992
4489, 992
4490, 992
4491, 992
4492, 992
4493, 992
4494, 992
4495, 992
4496, 992
4497, 992
4498, 992
4499, 992
4500, 992
4501, 992
4502, 992
4503, 992
4504, 992
4505, 992
4506, 992
4507, 992
4508, 992
4509, 992
4510, 992
4511, 992
4512, 992
4513, 992
4514, 992
4515, 992
4516, 992
4517, 992
4518, 992
4519, 992
4520, 992
4521, 992
4522, 992
4523, 992
4524, 992
4525, 992
4526, 992
4527, 992
4528, 992
4529, 993
4530, 993
4531, 993
4532, 993
4533, 993
4534, 993
4535, 993
4536, 993
4537, 993
4538, 993
4539, 993
4540, 993
4541, 993
4542, 993
4543, 993
4544, 993
4545, 993
4546, 993
4547, 993
4548, 993
4549, 993
4550, 993
4551, 993
4552, 993
4553, 993
4554, 993
4555, 993
4556, 993
4557, 993
4558, 993
4559, 993
4560, 993
4561, 993
4562, 993
4563, 993
4564, 993
4565, 993
4566, 993
4567, 993
4568, 993
4569, 993
4570, 993
4571, 993
4572, 993
4573, 993
4574, 993
4575, 993
4576, 993
4577, 993
4578, 993
4579, 993
4580, 993
4581, 993
4582, 993
4583, 993
4584, 993
4585, 993
4586, 993
4587, 993
4588, 993
4589, 993
4590, 993
4591, 993
4592, 993
4593, 993
4594, 993
4595, 993
4596, 993
4597, 993
4598, 993
4599, 993
4600, 993
4601, 993
4602, 993
4603, 993
4604, 993
4605, 993
4606, 993
4607, 993
4608, 993
4609, 993
4610, 993
4611, 993
4612, 993
4613, 993
4614, 993
4615, 993
4616, 993
4617, 993
4618, 993
4619, 993
4620, 993
4621, 993
4622, 993
4623, 993
4624, 993
4625, 993
4626, 993
4627, 993
4628, 993
4629, 993
4630, 993
4631, 993
4632, 993
4633, 993
4634, 993
4635, 993
4636, 993
4637, 993
4638, 993
4639, 993
4640, 993
4641, 993
4642, 993
4643, 993
4644, 993
4645, 993
4646, 993
4647, 993
4648, 993
4649, 993
4650, 993
4651, 993
4652, 993
4653, 993
4654, 993
4655, 993
4656, 993
4657, 993
4658, 993
4659, 993
4660, 993
4661, 993
4662, 993
4663, 993
4664, 993
4665, 993
4666, 993
4667, 993
4668, 993
4669, 993
4670, 993
4671, 993
4672, 993
4673, 993
4674, 993
4675, 993
4676, 993
4677, 993
4678, 993
4679, 993
4680, 993
4681, 993
4682, 993
4683, 993
4684, 993
4685, 993
4686, 993
4687, 993
4688, 993
4689, 993
4690, 993
4691, 993
4692, 993
4693, 993
4694, 993
4695, 993
4696, 993
4697, 993
4698, 993
4699, 993
4700, 993
4701, 993
4702, 993
4703, 993
4704, 993
4705, 993
4706, 993
4707, 993
4708, 993
4709, 993
4710, 993
4711, 993
4712, 993
4713, 993
4714, 993
4715, 993
4716, 993
4717, 993
4718, 993
4719, 993
4720, 993
4721, 993
4722, 993
4723, 993
4724, 993
4725, 993
4726, 993
4727, 994
4728, 994
4729, 994
4730, 994
4731, 994
4732, 994
4733, 994
4734, 994
4735, 994
4736, 994
4737, 994
4738, 994
4739, 994
4740, 994
4741, 994
4742, 994
4743, 994
4744, 994
4745, 994
4746, 994
4747, 994
4748, 994
4749, 994
4750, 994
4751, 994
4752, 994
4753, 994
4754, 994
4755, 994
4756, 994
4757, 994
4758, 994
4759, 994
4760, 994
4761, 994
4762, 994
4763, 994
4764, 994
4765, 994
4766, 994
4767, 994
4768, 994
4769, 994
4770, 994
4771, 994
4772, 994
4773, 994
4774, 994
4775, 994
4776, 994
4777, 994
4778, 994
4779, 994
4780, 994
4781, 994
4782, 994
4783, 994
4784, 994
4785, 994
4786, 994
4787, 994
4788, 994
4789, 994
4790, 994
4791, 994
4792, 994
4793, 994
4794, 994
4795, 994
4796, 994
4797, 994
4798, 994
4799, 994
4800, 994
4801, 994
4802, 994
4803, 994
4804, 994
4805, 994
4806, 994
4807, 994
4808, 994
4809, 994
4810, 994
4811, 994
4812, 994
4813, 994
4814, 994
4815, 994
4816, 994
4817, 994
4818, 994
4819, 994
4820, 994
4821, 994
4822, 994
4823, 994
4824, 994
4825, 994
4826, 994
4827, 994
4828, 994
4829, 994
4830, 994
4831, 994
4832, 994
4833, 994
4834, 995
4835, 995
4836, 995
4837, 995
4838, 995
4839, 995
4840, 995
4841, 995
4842, 995
4843, 995
4844, 995
4845, 995
4846, 995
4847, 995
4848, 995
4849, 995
4850, 995
4851, 995
4852, 995
4853, 995
4854, 995
4855, 995
4856, 995
4857, 995
4858, 995
4859, 995
4860, 995
4861, 995
4862, 995
4863, 995
4864, 995
4865, 995
4866, 995
4867, 995
4868, 995
4869, 995
4870, 995
4871, 995
4872, 995
4873, 995
4874, 995
4875, 995
4876, 995
4877, 995
4878, 995
4879, 995
4880, 995
4881, 995
4882, 995
4883, 995
4884, 995
4885, 995
4886, 995
4887, 995
4888, 995
4889, 995
4890, 995
4891, 995
4892, 995
4893, 995
4894, 995
4895, 995
4896, 995
4897, 995
4898, 995
4899, 995
4900, 995
4901, 995
4902, 995
4903, 995
4904, 995
4905, 995
4906, 995
4907, 995
4908, 995
4909, 995
4910, 995
4911, 995
4912, 995
4913, 995
4914, 995
4915, 995
4916, 995
4917, 995
4918, 995
4919, 995
4920, 995
4921, 995
4922, 995
4923, 995
4924, 995
4925, 995
4926, 995
4927, 995
4928, 995
4929, 995
4930, 995
4931, 995
4932, 995
4933, 995
4934, 995
4935, 995
4936, 995
4937, 995
4938, 995
4939, 995
4940, 995
4941, 995
4942, 995
4943, 995
4944, 995
4945, 995
4946, 995
4947, 995
4948, 995
4949, 995
4950, 995
4951, 995
4952, 995
4953, 995
4954, 995
4955, 995
4956, 995
4957, 995
4958, 995
4959, 995
4960, 995
4961, 995
4962, 995
4963, 995
4964, 995
4965, 995
4966, 995
4967, 995
4968, 995
4969, 995
4970, 995
4971, 995
4972, 995
4973, 995
4974, 995
4975, 995
4976, 995
4977, 995
4978, 995
4979, 995
4980, 995
4981, 995
4982, 995
4983, 995
4984, 995
4985, 995
4986, 995
4987, 995
4988, 995
4989, 995
4990, 995
4991, 995
4992, 995
4993, 995
4994, 995
4995, 995
4996, 995
4997, 995
4998, 995
4999, 995
5000, 995
5001, 995
5002, 995
5003, 995
5004, 995
5005, 995
5006, 995
5007, 995
5008, 995
5009, 995
5010, 995
5011, 995
5012, 995
5013, 995
5014, 995
5015, 995
5016, 995
5017, 995
5018, 995
5019, 995
5020, 995
5021, 995
5022, 995
5023, 995
5024, 995
5025, 995
5026, 995
5027, 995
5028, 995
5029, 995
5030, 995
5031, 995
5032, 995
5033, 995
5034, 995
5035, 995
5036, 995
5037, 995
5038, 995
5039, 995
5040, 995
5041, 995
5042, 995
5043, 995
5044, 995
5045, 995
5046, 995
5047, 995
5048, 995
5049, 995
5050, 995
5051, 995
5052, 995
5053, 995
5054, 995
5055, 995
5056, 995
5057, 995
5058, 995
5059, 995
5060, 995
5061, 995
5062, 995
5063, 995
5064, 995
5065, 995
5066, 995
5067, 995
5068, 995
5069, 995
5070, 995
5071, 995
5072, 995
5073, 995
5074, 995
5075, 995
5076, 995
5077, 995
5078, 995
5079, 995
5080, 995
5081, 995
5082, 995
5083, 995
5084, 995
5085, 995
5086, 995
5087, 995
5088, 995
5089, 995
5090, 995
5091, 995
5092, 995
5093, 995
5094, 995
5095, 995
5096, 995
5097, 995
5098, 995
5099, 995
5100, 995
5101, 995
5102, 995
5103, 995
5104, 995
5105, 995
5106, 995
5107, 995
5108, 995
5109, 995
5110, 995
5111, 995
5112, 995
5113, 995
5114, 995
5115, 995
5116, 995
5117, 995
5118, 995
5119, 995
5120, 995
5121, 995
5122, 995
5123, 995
5124, 995
5125, 995
5126, 995
5127, 995
5128, 995
5129, 995
5130, 995
5131, 995
5132, 995
5133, 995
5134, 995
5135, 995
5136, 995
5137, 995
5138, 995
5139, 995
5140, 995
5141, 995
5142, 995
5143, 995
5144, 995
5145, 995
5146, 995
5147, 995
5148, 995
5149, 995
5150, 995
5151, 995
5152, 995
5153, 995
5154, 995
5155, 996
5156, 996
5157, 996
5158, 996
5159, 996
5160, 996
5161, 996
5162, 996
5163, 996
5164, 996
5165, 996
5166, 996
5167, 996
5168, 996
5169, 996
5170, 996
5171, 996
5172, 996
5173, 996
5174, 996
5175, 996
5176, 996
5177, 996
5178, 996
5179, 996
5180, 996
5181, 996
5182, 996
5183, 996
5184, 996
5185, 996
5186, 996
5187, 996
5188, 996
5189, 996
5190, 996
5191, 996
5192, 996
5193, 996
5194, 996
5195, 996
5196, 996
5197, 996
5198, 996
5199, 996
5200, 996
5201, 996
5202, 996
5203, 996
5204, 996
5205, 996
5206, 996
5207, 996
5208, 996
5209, 996
5210, 996
5211, 996
5212, 996
5213, 996
5214, 996
5215, 996
5216, 996
5217, 996
5218, 996
5219, 996
5220, 996
5221, 996
5222, 996
5223, 996
5224, 996
5225, 996
5226, 996
5227, 996
5228, 996
5229, 996
5230, 996
5231, 996
5232, 996
5233, 996
5234, 996
5235, 996
5236, 996
5237, 996
5238, 996
5239, 996
5240, 996
5241, 996
5242, 996
5243, 996
5244, 996
5245, 996
5246, 996
5247, 996
5248, 996
5249, 996
5250, 996
5251, 996
5252, 996
5253, 996
5254, 996
5255, 996
5256, 996
5257, 996
5258, 996
5259, 996
5260, 996
5261, 996
5262, 996
5263, 996
5264, 996
5265, 996
5266, 996
5267, 996
5268, 996
5269, 996
5270, 996
5271, 996
5272, 996
5273, 996
5274, 996
5275, 996
5276, 996
5277, 996
5278, 996
5279, 996
5280, 996
5281, 996
5282, 996
5283, 996
5284, 996
5285, 996
5286, 996
5287, 996
5288, 996
5289, 996
5290, 996
5291, 996
5292, 997
5293, 997
5294, 997
5295, 997
5296, 997
5297, 997
5298, 997
5299, 997
5300, 997
5301, 997
5302, 997
5303, 997
5304, 997
5305, 997
5306, 997
5307, 997
5308, 997
5309, 997
5310, 997
5311, 997
5312, 997
5313, 997
5314, 997
5315, 997
5316, 997
5317, 997
5318, 997
5319, 997
5320, 997
5321, 997
5322, 997
5323, 997
5324, 997
5325, 997
5326, 997
5327, 997
5328, 997
5329, 997
5330, 997
5331, 997
5332, 997
5333, 997
5334, 997
5335, 997
5336, 997
5337, 997
5338, 997
5339, 997
5340, 997
5341, 997
5342, 997
5343, 997
5344, 997
5345, 997
5346, 997
5347, 997
5348, 997
5349, 997
5350, 997
5351, 997
5352, 997
5353, 997
5354, 997
5355, 997
5356, 997
5357, 997
5358, 997
5359, 997
5360, 997
5361, 997
5362, 997
5363, 997
5364, 997
5365, 997
5366, 997
5367, 997
5368, 997
5369, 997
5370, 997
5371, 997
5372, 997
5373, 997
5374, 997
5375, 997
5376, 997
5377, 997
5378, 997
5379, 997
5380, 997
5381, 997
5382, 997
5383, 997
5384, 997
5385, 997
5386, 997
5387, 997
5388, 997
5389, 997
5390, 997
5391, 997
5392, 997
5393, 997
5394, 997
5395, 997
5396, 997
5397, 997
5398, 997
5399, 997
5400, 997
5401, 997
5402, 997
5403, 997
5404, 997
5405, 997
5406, 997
5407, 997
5408, 997
5409, 997
5410, 997
5411, 997
5412, 997
5413, 997
5414, 997
5415, 997
5416, 997
5417, 997
5418, 997
5419, 997
5420, 997
5421, 997
5422, 997
5423, 997
5424, 997
5425, 997
5426, 997
5427, 997
5428, 997
5429, 997
5430, 997
5431, 997
5432, 997
5433, 997
5434, 997
5435, 997
5436, 997
5437, 997
5438, 997
5439, 997
5440, 997
5441, 997
5442, 997
5443, 997
5444, 997
5445, 997
5446, 997
5447, 997
5448, 997
5449, 997
5450, 997
5451, 997
5452, 997
5453, 997
5454, 997
5455, 997
5456, 997
5457, 997
5458, 997
5459, 997
5460, 997
5461, 997
5462, 997
5463, 997
5464, 997
5465, 997
5466, 997
5467, 997
5468, 997
5469, 997
5470, 997
5471, 997
5472, 997
5473, 997
5474, 997
5475, 997
5476, 997
5477, 997
5478, 997
5479, 997
5480, 997
5481, 997
5482, 997
5483, 997
5484, 997
5485, 997
5486, 997
5487, 997
5488, 997
5489, 997
5490, 997
5491, 997
5492, 997
5493, 997
5494, 997
5495, 997
5496, 997
5497, 997
5498, 997
5499, 997
5500, 997
5501, 997
5502, 997
5503, 997
5504, 997
5505, 997
5506, 997
5507, 997
5508, 997
5509, 997
5510, 997
5511, 997
5512, 997
5513, 997
5514, 997
5515, 997
5516, 997
5517, 997
5518, 997
5519, 997
5520, 997
5521, 997
5522, 997
5523, 997
5524, 997
5525, 997
5526, 997
5527, 997
5528, 997
5529, 997
5530, 997
5531, 997
5532, 997
5533, 997
5534, 997
5535, 997
5536, 997
5537, 997
5538, 997
5539, 997
5540, 997
5541, 997
5542, 997
5543, 997
5544, 997
5545, 997
5546, 997
5547, 997
5548, 997
5549, 997
5550, 997
5551, 997
5552, 997
5553, 997
5554, 997
5555, 997
5556, 997
5557, 997
5558, 997
5559, 997
5560, 997
5561, 997
5562, 997
5563, 997
5564, 997
5565, 997
5566, 997
5567, 997
5568, 997
5569, 997
5570, 997
5571, 997
5572, 997
5573, 997
5574, 997
5575, 997
5576, 997
5577, 997
5578, 997
5579, 997
5580, 997
5581, 997
5582, 997
5583, 997
5584, 997
5585, 997
5586, 997
5587, 997
5588, 997
5589, 997
5590, 997
5591, 997
5592, 997
5593, 997
5594, 997
5595, 997
5596, 997
5597, 997
5598, 997
5599, 997
5600, 997
5601, 997
5602, 997
5603, 997
5604, 997
5605, 997
5606, 997
5607, 997
5608, 997
5609, 997
5610, 997
5611, 997
5612, 997
5613, 997
5614, 997
5615, 997
5616, 997
5617, 997
5618, 997
5619, 997
5620, 997
5621, 997
5622, 997
5623, 997
5624, 997
5625, 997
5626, 997
5627, 997
5628, 997
5629, 997
5630, 997
5631, 997
5632, 997
5633, 997
5634, 997
5635, 997
5636, 997
5637, 997
5638, 997
5639, 997
5640, 997
5641, 997
5642, 997
5643, 997
5644, 997
5645, 997
5646, 997
5647, 997
5648, 997
5649, 997
5650, 997
5651, 997
5652, 997
5653, 997
5654, 997
5655, 997
5656, 997
5657, 997
5658, 997
5659, 997
5660, 997
5661, 997
5662, 997
5663, 997
5664, 997
5665, 997
5666, 997
5667, 997
5668, 997
5669, 997
5670, 997
5671, 997
5672, 997
5673, 997
5674, 997
5675, 997
5676, 997
5677, 997
5678, 997
5679, 997
5680, 997
5681, 997
5682, 997
5683, 997
5684, 997
5685, 997
5686, 997
5687, 997
5688, 997
5689, 997
5690, 997
5691, 997
5692, 997
5693, 997
5694, 997
5695, 997
5696, 997
5697, 997
5698, 997
5699, 997
5700, 997
5701, 997
5702, 997
5703, 997
5704, 997
5705, 997
5706, 997
5707, 997
5708, 997
5709, 997
5710, 997
5711, 997
5712, 997
5713, 997
5714, 997
5715, 997
5716, 997
5717, 997
5718, 997
5719, 997
5720, 997
5721, 997
5722, 997
5723, 997
5724, 997
5725, 997
5726, 997
5727, 997
5728, 997
5729, 997
5730, 997
5731, 997
5732, 997
5733, 997
5734, 997
5735, 997
5736, 997
5737, 997
5738, 997
5739, 997
5740, 997
5741, 997
5742, 997
5743, 997
5744, 997
5745, 997
5746, 997
5747, 997
5748, 997
5749, 997
5750, 997
5751, 997
5752, 997
5753, 997
5754, 997
5755, 997
5756, 997
5757, 997
5758, 997
5759, 997
5760, 997
5761, 997
5762, 997
5763, 997
5764, 997
5765, 997
5766, 997
5767, 997
5768, 997
5769, 997
5770, 997
5771, 997
5772, 997
5773, 997
5774, 997
5775, 997
5776, 997
5777, 997
5778, 997
5779, 997
5780, 997
5781, 997
5782, 997
5783, 997
5784, 997
5785, 997
5786, 997
5787, 997
5788, 997
5789, 997
5790, 997
5791, 997
5792, 997
5793, 997
5794, 997
5795, 997
5796, 997
5797, 997
5798, 997
5799, 997
5800, 997
5801, 997
5802, 997
5803, 997
5804, 997
5805, 997
5806, 997
5807, 997
5808, 997
5809, 997
5810, 997
5811, 997
5812, 997
5813, 997
5814, 997
5815, 997
5816, 997
5817, 997
5818, 997
5819, 997
5820, 997
5821, 997
5822, 997
5823, 997
5824, 997
5825, 997
5826, 997
5827, 997
5828, 997
5829, 997
5830, 997
5831, 997
5832, 997
5833, 997
5834, 997
5835, 997
5836, 997
5837, 997
5838, 997
5839, 997
5840, 997
5841, 997
5842, 997
5843, 997
5844, 997
5845, 997
5846, 997
5847, 997
5848, 997
5849, 997
5850, 997
5851, 997
5852, 997
5853, 997
5854, 997
5855, 997
5856, 997
5857, 997
5858, 997
5859, 997
5860, 997
5861, 997
5862, 997
5863, 997
5864, 997
5865, 997
5866, 997
5867, 997
5868, 997
5869, 997
5870, 997
5871, 997
5872, 997
5873, 997
5874, 997
5875, 997
5876, 997
5877, 997
5878, 997
5879, 997
5880, 997
5881, 997
5882, 997
5883, 997
5884, 997
5885, 997
5886, 997
5887, 997
5888, 997
5889, 997
5890, 997
5891, 997
5892, 997
5893, 997
5894, 997
5895, 997
5896, 997
5897, 997
5898, 997
5899, 997
5900, 997
5901, 997
5902, 997
5903, 997
5904, 997
5905, 997
5906, 997
5907, 997
5908, 997
5909, 997
5910, 997
5911, 997
5912, 997
5913, 997
5914, 997
5915, 997
5916, 997
5917, 997
5918, 997
5919, 997
5920, 997
5921, 997
5922, 997
5923, 997
5924, 997
5925, 997
5926, 997
5927, 997
5928, 997
5929, 997
5930, 997
5931, 997
5932, 997
5933, 997
5934, 997
5935, 997
5936, 997
5937, 997
5938, 997
5939, 997
5940, 997
5941, 997
5942, 997
5943, 997
5944, 997
5945, 997
5946, 997
5947, 997
5948, 997
5949, 997
5950, 997
5951, 997
5952, 997
5953, 997
5954, 997
5955, 997
5956, 997
5957, 997
5958, 997
5959, 997
5960, 997
5961, 997
5962, 997
5963, 997
5964, 997
5965, 997
5966, 997
5967, 997
5968, 997
5969, 997
5970, 997
5971, 997
5972, 997
5973, 997
5974, 997
5975, 997
5976, 997
5977, 997
5978, 997
5979, 997
5980, 997
5981, 997
5982, 997
5983, 997
5984, 997
5985, 997
5986, 997
5987, 997
5988, 997
5989, 997
5990, 997
5991, 997
5992, 997
5993, 997
5994, 997
5995, 997
5996, 997
5997, 997
5998, 997
5999, 997
6000, 997
6001, 997
6002, 997
6003, 997
6004, 997
6005, 997
6006, 997
6007, 997
6008, 997
6009, 997
6010, 997
6011, 997
6012, 997
6013, 997
6014, 997
6015, 997
6016, 997
6017, 997
6018, 997
6019, 997
6020, 997
6021, 997
6022, 997
6023, 997
6024, 997
6025, 997
6026, 997
6027, 997
6028, 997
6029, 997
6030, 997
6031, 997
6032, 997
6033, 997
6034, 997
6035, 997
6036, 997
6037, 997
6038, 997
6039, 997
6040, 997
6041, 997
6042, 997
6043, 997
6044, 997
6045, 997
6046, 997
6047, 997
6048, 997
6049, 997
6050, 997
6051, 997
6052, 997
6053, 997
6054, 997
6055, 997
6056, 997
6057, 997
6058, 997
6059, 997
6060, 997
6061, 997
6062, 997
6063, 997
6064, 997
6065, 997
6066, 997
6067, 997
6068, 997
6069, 997
6070, 997
6071, 997
6072, 997
6073, 997
6074, 997
6075, 997
6076, 997
6077, 997
6078, 997
6079, 997
6080, 997
6081, 997
6082, 997
6083, 997
6084, 997
6085, 997
6086, 997
6087, 997
6088, 997
6089, 997
6090, 997
6091, 997
6092, 997
6093, 997
6094, 997
6095, 997
6096, 997
6097, 997
6098, 997
6099, 997
6100, 997
6101, 997
6102, 997
6103, 997
6104, 997
6105, 997
6106, 997
6107, 997
6108, 997
6109, 997
6110, 997
6111, 997
6112, 997
6113, 997
6114, 997
6115, 997
6116, 997
6117, 997
6118, 997
6119, 997
6120, 997
6121, 997
6122, 997
6123, 997
6124, 997
6125, 997
6126, 997
6127, 997
6128, 997
6129, 997
6130, 997
6131, 997
6132, 997
6133, 997
6134, 997
6135, 997
6136, 997
6137, 997
6138, 997
6139, 997
6140, 997
6141, 997
6142, 997
6143, 997
6144, 997
6145, 997
6146, 997
6147, 997
6148, 997
6149, 997
6150, 997
6151, 997
6152, 997
6153, 997
6154, 997
6155, 997
6156, 997
6157, 997
6158, 997
6159, 997
6160, 997
6161, 997
6162, 997
6163, 997
6164, 997
6165, 997
6166, 997
6167, 997
6168, 997
6169, 997
6170, 997
6171, 997
6172, 997
6173, 997
6174, 997
6175, 997
6176, 997
6177, 997
6178, 997
6179, 997
6180, 997
6181, 997
6182, 997
6183, 997
6184, 997
6185, 997
6186, 997
6187, 997
6188, 997
6189, 997
6190, 997
6191, 997
6192, 997
6193, 997
6194, 997
6195, 997
6196, 997
6197, 997
6198, 997
6199, 997
6200, 997
6201, 997
6202, 997
6203, 997
6204, 997
6205, 997
6206, 997
6207, 997
6208, 997
6209, 997
6210, 997
6211, 997
6212, 997
6213, 997
6214, 997
6215, 997
6216, 997
6217, 997
6218, 997
6219, 997
6220, 997
6221, 997
6222, 997
6223, 997
6224, 997
6225, 997
6226, 997
6227, 997
6228, 997
6229, 997
6230, 997
6231, 997
6232, 997
6233, 997
6234, 997
6235, 997
6236, 997
6237, 997
6238, 997
6239, 997
6240, 997
6241, 997
6242, 997
6243, 997
6244, 997
6245, 997
6246, 997
6247, 997
6248, 997
6249, 997
6250, 997
6251, 997
6252, 997
6253, 997
6254, 997
6255, 997
6256, 997
6257, 997
6258, 997
6259, 997
6260, 997
6261, 997
6262, 997
6263, 997
6264, 997
6265, 997
6266, 997
6267, 997
6268, 997
6269, 997
6270, 997
6271, 997
6272, 997
6273, 997
6274, 997
6275, 997
6276, 997
6277, 997
6278, 997
6279, 997
6280, 997
6281, 997
6282, 997
6283, 997
6284, 997
6285, 997
6286, 997
6287, 997
6288, 997
6289, 997
6290, 997
6291, 997
6292, 997
6293, 997
6294, 997
6295, 997
6296, 997
6297, 997
6298, 997
6299, 997
6300, 997
6301, 997
6302, 997
6303, 997
6304, 997
6305, 997
6306, 997
6307, 997
6308, 997
6309, 997
6310, 997
6311, 997
6312, 997
6313, 997
6314, 997
6315, 997
6316, 997
6317, 997
6318, 997
6319, 997
6320, 997
6321, 997
6322, 997
6323, 997
6324, 997
6325, 997
6326, 997
6327, 997
6328, 997
6329, 997
6330, 997
6331, 997
6332, 997
6333, 997
6334, 997
6335, 997
6336, 997
6337, 997
6338, 997
6339, 997
6340, 997
6341, 997
6342, 997
6343, 997
6344, 997
6345, 997
6346, 997
6347, 997
6348, 997
6349, 997
6350, 997
6351, 997
6352, 997
6353, 997
6354, 997
6355, 997
6356, 997
6357, 997
6358, 997
6359, 997
6360, 997
6361, 997
6362, 997
6363, 997
6364, 997
6365, 997
6366, 997
6367, 997
6368, 997
6369, 997
6370, 997
6371, 997
6372, 997
6373, 997
6374, 997
6375, 997
6376, 997
6377, 997
6378, 997
6379, 997
6380, 997
6381, 997
6382, 997
6383, 997
6384, 997
6385, 997
6386, 997
6387, 997
6388, 997
6389, 997
6390, 997
6391, 997
6392, 997
6393, 997
6394, 997
6395, 997
6396, 997
6397, 997
6398, 997
6399, 997
6400, 997
6401, 997
6402, 997
6403, 997
6404, 997
6405, 997
6406, 997
6407, 997
6408, 997
6409, 997
6410, 997
6411, 997
6412, 997
6413, 997
6414, 997
6415, 997
6416, 997
6417, 997
6418, 997
6419, 997
6420, 997
6421, 997
6422, 997
6423, 997
6424, 997
6425, 997
6426, 997
6427, 997
6428, 997
6429, 997
6430, 997
6431, 997
6432, 997
6433, 997
6434, 997
6435, 997
6436, 997
6437, 997
6438, 997
6439, 997
6440, 997
6441, 997
6442, 997
6443, 997
6444, 997
6445, 997
6446, 997
6447, 997
6448, 997
6449, 997
6450, 997
6451, 997
6452, 997
6453, 997
6454, 997
6455, 997
6456, 997
6457, 997
6458, 997
6459, 997
6460, 997
6461, 997
6462, 997
6463, 997
6464, 997
6465, 997
6466, 997
6467, 997
6468, 997
6469, 997
6470, 997
6471, 997
6472, 997
6473, 997
6474, 997
6475, 997
6476, 997
6477, 997
6478, 997
6479, 997
6480, 997
6481, 997
6482, 997
6483, 997
6484, 997
6485, 997
6486, 997
6487, 997
6488, 997
6489, 997
6490, 997
6491, 997
6492, 997
6493, 997
6494, 997
6495, 997
6496, 997
6497, 997
6498, 997
6499, 997
6500, 997
6501, 997
6502, 997
6503, 997
6504, 997
6505, 997
6506, 997
6507, 997
6508, 997
6509, 997
6510, 997
6511, 997
6512, 997
6513, 997
6514, 997
6515, 998
6516, 998
6517, 998
6518, 998
6519, 998
6520, 998
6521, 998
6522, 998
6523, 998
6524, 998
6525, 998
6526, 998
6527, 998
6528, 998
6529, 998
6530, 998
6531, 998
6532, 998
6533, 998
6534, 998
6535, 998
6536, 998
6537, 998
6538, 998
6539, 998
6540, 998
6541, 998
6542, 998
6543, 998
6544, 998
6545, 998
6546, 998
6547, 998
6548, 998
6549, 998
6550, 998
6551, 998
6552, 998
6553, 998
6554, 998
6555, 998
6556, 998
6557, 998
6558, 998
6559, 998
6560, 998
6561, 998
6562, 998
6563, 998
6564, 998
6565, 998
6566, 998
6567, 998
6568, 998
6569, 998
6570, 998
6571, 998
6572, 998
6573, 998
6574, 998
6575, 998
6576, 998
6577, 998
6578, 998
6579, 998
6580, 998
6581, 998
6582, 998
6583, 998
6584, 998
6585, 998
6586, 998
6587, 998
6588, 998
6589, 998
6590, 998
6591, 998
6592, 998
6593, 998
6594, 998
6595, 998
6596, 998
6597, 998
6598, 998
6599, 998
6600, 998
6601, 998
6602, 998
6603, 998
6604, 998
6605, 998
6606, 998
6607, 998
6608, 998
6609, 998
6610, 998
6611, 998
6612, 998
6613, 998
6614, 998
6615, 998
6616, 998
6617, 998
6618, 998
6619, 998
6620, 998
6621, 998
6622, 998
6623, 998
6624, 998
6625, 998
6626, 998
6627, 998
6628, 998
6629, 998
6630, 998
6631, 998
6632, 998
6633, 998
6634, 998
6635, 998
6636, 998
6637, 998
6638, 998
6639, 998
6640, 998
6641, 998
6642, 998
6643, 998
6644, 998
6645, 998
6646, 998
6647, 998
6648, 998
6649, 998
6650, 998
6651, 998
6652, 998
6653, 998
6654, 998
6655, 998
6656, 998
6657, 998
6658, 998
6659, 998
6660, 998
6661, 998
6662, 998
6663, 998
6664, 998
6665, 998
6666, 998
6667, 998
6668, 998
6669, 998
6670, 998
6671, 998
6672, 998
6673, 998
6674, 998
6675, 998
6676, 998
6677, 998
6678, 998
6679, 998
6680, 998
6681, 998
6682, 998
6683, 998
6684, 998
6685, 998
6686, 998
6687, 998
6688, 998
6689, 998
6690, 998
6691, 998
6692, 998
6693, 998
6694, 998
6695, 998
6696, 998
6697, 998
6698, 998
6699, 998
6700, 998
6701, 998
6702, 998
6703, 998
6704, 998
6705, 998
6706, 998
6707, 998
6708, 998
6709, 998
6710, 998
6711, 998
6712, 998
6713, 998
6714, 998
6715, 998
6716, 998
6717, 998
6718, 998
6719, 998
6720, 998
6721, 998
6722, 998
6723, 998
6724, 998
6725, 998
6726, 998
6727, 998
6728, 998
6729, 998
6730, 998
6731, 998
6732, 998
6733, 998
6734, 998
6735, 998
6736, 998
6737, 998
6738, 998
6739, 998
6740, 998
6741, 998
6742, 998
6743, 998
6744, 998
6745, 998
6746, 998
6747, 998
6748, 998
6749, 998
6750, 998
6751, 998
6752, 998
6753, 998
6754, 998
6755, 998
6756, 998
6757, 998
6758, 998
6759, 998
6760, 998
6761, 998
6762, 998
6763, 998
6764, 998
6765, 998
6766, 998
6767, 998
6768, 998
6769, 998
6770, 998
6771, 998
6772, 998
6773, 998
6774, 998
6775, 998
6776, 998
6777, 998
6778, 998
6779, 998
6780, 998
6781, 998
6782, 998
6783, 998
6784, 998
6785, 998
6786, 998
6787, 998
6788, 998
6789, 998
6790, 998
6791, 998
6792, 998
6793, 998
6794, 998
6795, 998
6796, 998
6797, 998
6798, 998
6799, 998
6800, 998
6801, 998
6802, 998
6803, 998
6804, 998
6805, 998
6806, 998
6807, 998
6808, 998
6809, 998
6810, 998
6811, 998
6812, 998
6813, 998
6814, 998
6815, 998
6816, 998
6817, 998
6818, 998
6819, 998
6820, 998
6821, 998
6822, 998
6823, 998
6824, 998
6825, 998
6826, 998
6827, 998
6828, 998
6829, 998
6830, 998
6831, 998
6832, 998
6833, 998
6834, 998
6835, 998
6836, 998
6837, 998
6838, 998
6839, 998
6840, 998
6841, 998
6842, 998
6843, 998
6844, 998
6845, 998
6846, 998
6847, 998
6848, 998
6849, 998
6850, 998
6851, 998
6852, 998
6853, 998
6854, 998
6855, 998
6856, 998
6857, 998
6858, 998
6859, 998
6860, 998
6861, 998
6862, 998
6863, 998
6864, 998
6865, 998
6866, 998
6867, 998
6868, 998
6869, 998
6870, 998
6871, 998
6872, 998
6873, 998
6874, 998
6875, 998
6876, 998
6877, 998
6878, 998
6879, 998
6880, 998
6881, 998
6882, 998
6883, 998
6884, 998
6885, 998
6886, 998
6887, 998
6888, 998
6889, 998
6890, 998
6891, 998
6892, 998
6893, 998
6894, 998
6895, 998
6896, 998
6897, 998
6898, 998
6899, 998
6900, 998
6901, 998
6902, 998
6903, 998
6904, 998
6905, 998
6906, 998
6907, 998
6908, 998
6909, 998
6910, 998
6911, 998
6912, 998
6913, 998
6914, 998
6915, 998
6916, 998
6917, 998
6918, 998
6919, 998
6920, 998
6921, 998
6922, 998
6923, 998
6924, 998
6925, 998
6926, 998
6927, 998
6928, 998
6929, 998
6930, 998
6931, 998
6932, 998
6933, 998
6934, 998
6935, 998
6936, 998
6937, 998
6938, 998
6939, 998
6940, 998
6941, 998
6942, 998
6943, 998
6944, 998
6945, 998
6946, 998
6947, 998
6948, 998
6949, 998
6950, 998
6951, 998
6952, 998
6953, 998
6954, 998
6955, 998
6956, 998
6957, 998
6958, 998
6959, 998
6960, 998
6961, 999
6962, 999
6963, 999
6964, 999
6965, 999
6966, 999
6967, 999
6968, 999
6969, 999
6970, 999
6971, 999
6972, 999
6973, 999
6974, 999
6975, 999
6976, 999
6977, 999
6978, 999
6979, 999
6980, 999
6981, 999
6982, 999
6983, 999
6984, 999
6985, 999
6986, 999
6987, 999
6988, 999
6989, 999
6990, 999
6991, 999
6992, 999
6993, 999
6994, 999
6995, 999
6996, 999
6997, 999
6998, 999
6999, 999
7000, 999
7001, 999
7002, 999
7003, 999
7004, 999
7005, 999
7006, 999
7007, 999
7008, 999
7009, 999
7010, 999
7011, 999
7012, 999
7013, 999
7014, 999
7015, 999
7016, 999
7017, 999
7018, 999
7019, 999
7020, 999
7021, 999
7022, 999
7023, 999
7024, 999
7025, 999
7026, 999
7027, 999
7028, 999
7029, 999
7030, 999
7031, 999
7032, 999
7033, 999
7034, 999
7035, 999
7036, 999
7037, 999
7038, 999
7039, 999
7040, 999
7041, 999
7042, 999
7043, 999
7044, 999
7045, 999
7046, 999
7047, 999
7048, 999
7049, 999
7050, 999
7051, 999
7052, 999
7053, 999
7054, 999
7055, 999
7056, 999
7057, 999
7058, 999
7059, 999
7060, 999
7061, 999
7062, 999
7063, 999
7064, 999
7065, 999
7066, 999
7067, 999
7068, 999
7069, 999
7070, 999
7071, 999
7072, 999
7073, 999
7074, 999
7075, 999
7076, 999
7077, 999
7078, 999
7079, 999
7080, 999
7081, 999
7082, 999
7083, 999
7084, 999
7085, 999
7086, 999
7087, 999
7088, 999
7089, 999
7090, 999
7091, 999
7092, 999
7093, 999
7094, 999
7095, 999
7096, 999
7097, 999
7098, 999
7099, 999
7100, 999
7101, 999
7102, 999
7103, 999
7104, 999
7105, 999
7106, 999
7107, 999
7108, 999
7109, 999
7110, 999
7111, 999
7112, 999
7113, 999
7114, 999
7115, 999
7116, 999
7117, 999
7118, 999
7119, 999
7120, 999
7121, 999
7122, 999
7123, 999
7124, 999
7125, 999
7126, 999
7127, 999
7128, 999
7129, 999
7130, 999
7131, 999
7132, 999
7133, 999
7134, 999
7135, 999
7136, 999
7137, 999
7138, 999
7139, 999
7140, 999
7141, 999
7142, 999
7143, 999
7144, 999
7145, 999
7146, 999
7147, 999
7148, 999
7149, 999
7150, 999
7151, 999
7152, 999
7153, 999
7154, 999
7155, 999
7156, 999
7157, 999
7158, 999
7159, 999
7160, 999
7161, 999
7162, 999
7163, 999
7164, 999
7165, 999
7166, 999
7167, 999
7168, 999
7169, 999
7170, 999
7171, 999
7172, 999
7173, 999
7174, 999
7175, 999
7176, 999
7177, 999
7178, 999
7179, 999
7180, 999
7181, 999
7182, 999
7183, 999
7184, 999
7185, 999
7186, 999
7187, 999
7188, 999
7189, 999
7190, 999
7191, 999
7192, 999
7193, 999
7194, 999
7195, 999
